car_pos,target_pos,car_target_distance,car_quaternion,lidar_data,relative_coordinates,action
"[-0.5212318751132046, 0.04737705498376116]","[0.2981552647989254, 0.0428680912065067]",0.819,"[-0.006807855848219834, 0.9999768262808643]","[3.240000009536743, 3.1679999828338623, 3.4079999923706055, 2.0920000076293945, 2.4240000247955322, 2.3959999084472656, 3.7200000286102295, 2.368000030517578, 2.5759999752044678, 2.7079999446868896, 1.559999942779541, 5.064000129699707, 4.728000164031982, 4.480000019073486, 2.7239999771118164, 1.3539999723434448, 1.284000039100647, 1.4040000438690186, 1.7640000581741333, 1.7519999742507935, 1.722000002861023, 2.308000087738037, 1.4859999418258667, 1.5160000324249268, inf, 1.5579999685287476, 1.6160000562667847, 3.631999969482422, 2.2160000801086426, inf, inf, inf, inf, inf, inf, inf, inf, inf, inf, inf, inf, inf, 3.124000072479248, 3.74399995803833, inf, inf, 3.6519999504089355, 2.7360000610351562, inf, 3.115999937057495, inf, inf, inf, inf, inf, inf, inf, inf, inf, inf, inf, inf, inf, inf, inf, 1.2519999742507935, 1.2020000219345093, 4.696000099182129, 4.664000034332275, 4.688000202178955, 1.8899999856948853, 1.2139999866485596, inf, 1.0700000524520874, 1.4019999504089355, inf, inf, inf, 5.5920000076293945, 2.6559998989105225, 2.635999917984009, inf, inf, 2.2880001068115234, 2.187999963760376, 2.359999895095825, 2.447999954223633, 2.3959999084472656, 3.48799991607666, 3.427999973297119]","[0.819, -0.005]",2
