car_pos,target_pos,car_target_distance,car_quaternion,lidar_data,relative_coordinates,action
"[-0.20472862102812514, -0.4059297410530229]","[0.2981552647989254, 0.0428680912065067]",0.674,"[-0.7843407106925352, 0.6203302745718032]","[4.432000160217285, 4.360000133514404, 0.8420000076293945, inf, inf, 0.671999990940094, 1.3739999532699585, 0.9599999785423279, inf, inf, inf, inf, inf, 5.015999794006348, 2.2360000610351562, 2.0840001106262207, 2.1480000019073486, inf, 2.0759999752044678, 1.7860000133514404, inf, 1.7239999771118164, 1.8020000457763672, 2.0320000648498535, 1.996000051498413, 1.9880000352859497, 3.1080000400543213, 3.115999937057495, inf, inf, inf, inf, inf, inf, inf, inf, inf, inf, inf, inf, inf, inf, 4.176000118255615, 4.084000110626221, inf, 2.135999917984009, 1.628000020980835, 1.9780000448226929, 2.1600000858306885, 2.1040000915527344, inf, inf, inf, inf, inf, inf, inf, inf, inf, inf, inf, inf, inf, inf, inf, 5.015999794006348, 3.200000047683716, 3.563999891281128, inf, 6.0879998207092285, inf, 3.0160000324249268, 2.8559999465942383, 1.1180000305175781, 1.093999981880188, 1.159999966621399, 1.3259999752044678, 1.2000000476837158, inf, inf, 1.4279999732971191, 1.3519999980926514, 1.4220000505447388, 3.055999994277954, 0.9800000190734863, 0.9660000205039978, 0.9639999866485596, 4.791999816894531, 2.068000078201294, 4.4720001220703125]","[0.503, 0.449]",2
