car_pos,target_pos,car_target_distance,car_quaternion,lidar_data,relative_coordinates,action
"[-0.3943408001675982, -0.016880353421529735]","[0.2981552647989254, 0.0428680912065067]",0.695,"[-0.09228078424003795, 0.9957330248917345]","[2.063999891281128, 3.2839999198913574, 3.25600004196167, 3.007999897003174, 3.0439999103546143, 3.2679998874664307, 1.9479999542236328, 2.2760000228881836, inf, 3.6480000019073486, 2.2279999256134033, 2.431999921798706, 2.5920000076293945, 2.6640000343322754, inf, 4.607999801635742, 4.392000198364258, 4.504000186920166, 3.8919999599456787, 1.878000020980835, 1.378000020980835, 1.3040000200271606, 1.7120000123977661, 1.7300000190734863, 1.715999960899353, 2.3320000171661377, 1.5, inf, inf, inf, inf, inf, inf, inf, inf, inf, inf, inf, inf, inf, inf, inf, 4.0920000076293945, 5.927999973297119, inf, 3.4079999923706055, 2.0380001068115234, 5.880000114440918, inf, 7.703999996185303, inf, inf, inf, inf, inf, inf, inf, inf, inf, inf, inf, inf, inf, inf, inf, 1.2079999446868896, 1.2039999961853027, 1.215999960899353, 4.736000061035156, 4.688000202178955, 4.656000137329102, 4.664000034332275, 1.1399999856948853, 1.0, 1.0099999904632568, 1.3619999885559082, inf, inf, 1.2039999961853027, 5.28000020980835, 5.576000213623047, 2.5439999103546143, 2.492000102996826, 4.992000102996826, inf, inf, 2.063999891281128, 2.0759999752044678, 2.3239998817443848, 2.2679998874664307]","[0.692, 0.06]",2
