car_pos,target_pos,car_target_distance,car_quaternion,lidar_data,relative_coordinates,action
"[-0.2807493800414339, -0.10307937871506803]","[0.2981552647989254, 0.0428680912065067]",0.597,"[-0.39777782829163627, 0.9174817705652737]","[2.25600004196167, 2.384000062942505, 4.71999979019165, 2.1559998989105225, 1.9559999704360962, 1.8600000143051147, 1.899999976158142, 2.140000104904175, 2.0959999561309814, inf, 3.1080000400543213, 3.119999885559082, 2.9040000438690186, 2.8919999599456787, 3.131999969482422, 3.171999931335449, 2.1440000534057617, 2.200000047683716, 2.1640000343322754, 3.5280001163482666, 2.1440000534057617, 2.4200000762939453, 2.572000026702881, 2.7079999446868896, 1.4520000219345093, 4.5279998779296875, 4.4079999923706055, 4.064000129699707, inf, inf, inf, inf, inf, inf, inf, inf, inf, inf, inf, inf, inf, inf, 1.6979999542236328, 1.5440000295639038, 1.2760000228881836, 1.2940000295639038, 1.1959999799728394, 1.1239999532699585, 1.284000039100647, inf, inf, inf, inf, inf, inf, inf, inf, inf, inf, inf, inf, inf, inf, inf, inf, 1.2660000324249268, 1.2139999866485596, inf, inf, 1.5199999809265137, inf, 2.063999891281128, 1.128000020980835, 1.1640000343322754, inf, 4.664000034332275, 4.656000137329102, 4.567999839782715, inf, 1.0080000162124634, 0.8600000143051147, inf, 1.5839999914169312, 0.9700000286102295, inf, inf, inf, 4.935999870300293, inf, 2.4240000247955322]","[0.579, 0.146]",2
