car_pos,target_pos,car_target_distance,car_quaternion,lidar_data,relative_coordinates,action
"[-0.3578847661283479, -0.464977163472365]","[0.2981552647989254, 0.0428680912065067]",0.83,"[-0.999939114102241, 0.01103485787971358]","[inf, 2.75600004196167, 0.878000020980835, 0.8560000061988831, 0.878000020980835, 0.9700000286102295, 1.0360000133514404, 0.9559999704360962, 0.8960000276565552, inf, 0.4729999899864197, inf, 1.1679999828338623, 1.2680000066757202, 1.649999976158142, 1.75600004196167, 0.8140000104904175, 0.8119999766349792, 0.8259999752044678, 0.8560000061988831, 4.368000030517578, 4.311999797821045, 4.0279998779296875, 4.248000144958496, 4.248000144958496, 0.8420000076293945, 0.7699999809265137, inf, inf, inf, inf, inf, inf, inf, inf, inf, inf, inf, inf, inf, inf, inf, 2.0, 2.24399995803833, 2.0439999103546143, 2.2679998874664307, 3.299999952316284, 3.119999885559082, inf, 3.328000068664551, inf, inf, inf, inf, inf, inf, inf, inf, inf, inf, inf, inf, inf, inf, inf, 2.1640000343322754, 2.1040000915527344, inf, 1.8760000467300415, 1.909999966621399, inf, 1.9839999675750732, inf, 2.611999988555908, 1.8339999914169312, 1.5859999656677246, 1.371999979019165, 1.2339999675750732, 1.2300000190734863, 1.312000036239624, 1.4160000085830688, 3.7920000553131104, 3.687999963760376, 4.02400016784668, 4.5279998779296875, 3.0, 3.368000030517578, 3.496000051498413, 5.831999778747559, 7.711999893188477]","[0.656, 0.508]",2
