car_pos,target_pos,car_target_distance,car_quaternion,lidar_data,relative_coordinates,action
"[-0.36337158551089804, -0.055789750785861666]","[0.2981552647989254, 0.0428680912065067]",0.669,"[-0.16505827813790785, 0.9862838155511572]","[2.2720000743865967, 2.2239999771118164, 2.0360000133514404, 3.2239999771118164, 3.2160000801086426, 2.996000051498413, 2.992000102996826, 3.2239999771118164, 2.0239999294281006, 2.2320001125335693, 2.2639999389648438, 2.055999994277954, 2.5, 2.3559999465942383, 2.6080000400543213, 2.624000072479248, 1.434000015258789, 4.656000137329102, 4.400000095367432, 4.440000057220459, 3.8959999084472656, 3.8399999141693115, 1.2999999523162842, 1.2480000257492065, inf, 1.753999948501587, 1.7380000352859497, inf, inf, inf, inf, inf, inf, inf, inf, inf, inf, inf, inf, inf, inf, inf, 1.1200000047683716, inf, 4.0960001945495605, 6.216000080108643, 2.947999954223633, 3.371999979019165, 2.187999963760376, 5.783999919891357, inf, inf, inf, inf, inf, inf, inf, inf, inf, inf, inf, inf, inf, inf, inf, 2.059999942779541, inf, 1.1759999990463257, 1.218000054359436, inf, 4.71999979019165, 4.671999931335449, 4.624000072479248, 1.2059999704360962, 1.1059999465942383, 0.9580000042915344, inf, 1.2979999780654907, inf, inf, 1.1699999570846558, inf, inf, 2.5160000324249268, 2.444000005722046, 2.5439999103546143, 1.593999981880188, 2.0840001106262207, 2.0320000648498535, 2.055999994277954]","[0.662, 0.099]",2
