car_pos,target_pos,car_target_distance,car_quaternion,lidar_data,relative_coordinates,action
"[-0.45589481350655153, 0.04578924072913822]","[0.2981552647989254, 0.0428680912065067]",0.754,"[-0.016788625434190848, 0.9998590610961279]","[3.388000011444092, 3.1440000534057617, 3.368000030517578, 2.2200000286102295, 2.388000011444092, 2.436000108718872, 2.2039999961853027, 2.6080000400543213, 2.5160000324249268, 2.7160000801086426, 2.7720000743865967, 5.127999782562256, 4.808000087738037, 4.567999839782715, 4.48799991607666, 4.019999980926514, 1.3519999980926514, 1.2879999876022339, 1.815999984741211, 1.7519999742507935, 1.7319999933242798, 1.8940000534057617, 1.4819999933242798, 1.5, 1.531999945640564, 1.5299999713897705, 1.6019999980926514, inf, 2.2039999961853027, inf, inf, inf, inf, inf, inf, inf, inf, inf, inf, inf, inf, inf, inf, 3.7799999713897705, 1.7400000095367432, inf, inf, inf, 2.8399999141693115, 3.74399995803833, inf, inf, inf, inf, inf, inf, inf, inf, inf, inf, inf, inf, inf, inf, inf, 1.1779999732971191, 1.1979999542236328, 4.703999996185303, 4.440000057220459, 4.679999828338623, 1.8940000534057617, 1.2100000381469727, inf, 1.0579999685287476, 1.4140000343322754, inf, inf, inf, 5.656000137329102, 2.691999912261963, 2.559999942779541, 5.047999858856201, 1.753999948501587, inf, 2.191999912261963, 2.2160000801086426, 2.444000005722046, 2.388000011444092, 3.492000102996826, 3.4240000247955322]","[0.754, -0.003]",2
