car_pos,target_pos,car_target_distance,car_quaternion,lidar_data,relative_coordinates,action
"[-0.29598455093727405, -0.09435941411593354]","[0.2981552647989254, 0.0428680912065067]",0.61,"[-0.27411448384556386, 0.9616970675561406]","[2.055999994277954, 2.0220000743865967, 1.9759999513626099, 2.2160000801086426, 2.1679999828338623, 1.9019999504089355, 3.200000047683716, 3.180000066757202, 2.98799991607666, 2.936000108718872, 3.180000066757202, 2.119999885559082, 2.180000066757202, 2.24399995803833, 2.1679999828338623, 3.563999891281128, 2.319999933242798, 2.447999954223633, 2.611999988555908, 2.7119998931884766, inf, 4.519999980926514, 4.343999862670898, 4.0279998779296875, 3.859999895095825, 1.8860000371932983, 1.4040000438690186, inf, 1.8240000009536743, 1.8079999685287476, inf, inf, inf, inf, inf, inf, inf, inf, inf, inf, inf, inf, 1.1419999599456787, 1.0740000009536743, inf, 1.215999960899353, 3.7360000610351562, 4.223999977111816, inf, 2.9560000896453857, inf, inf, 7.559999942779541, inf, inf, inf, inf, inf, inf, inf, inf, inf, inf, inf, inf, inf, inf, 1.6339999437332153, 2.059999942779541, 1.1759999990463257, 1.1579999923706055, 1.1799999475479126, 4.760000228881836, 4.703999996185303, 4.616000175476074, 4.6479997634887695, 1.1119999885559082, inf, 0.9279999732971191, 1.656000018119812, 1.3860000371932983, 1.0540000200271606, inf, 1.1180000305175781, inf, 5.495999813079834, 2.4679999351501465, 2.368000030517578, 2.492000102996826, 1.5260000228881836]","[0.594, 0.137]",2
