car_pos,target_pos,car_target_distance,car_quaternion,lidar_data,relative_coordinates,action
"[-0.26522076702825986, -0.43321723280739716]","[0.2981552647989254, 0.0428680912065067]",0.738,"[-0.8962953154750373, 0.4434576726785809]","[0.9399999976158142, 0.921999990940094, 0.9100000262260437, 4.74399995803833, 2.002000093460083, 4.447999954223633, 4.423999786376953, 4.335999965667725, inf, 0.7620000243186951, inf, 0.628000020980835, inf, 1.1019999980926514, 0.9259999990463257, inf, inf, inf, inf, inf, 5.144000053405762, 2.124000072479248, 2.1440000534057617, 2.9560000896453857, 2.111999988555908, 1.315999984741211, inf, inf, inf, 2.0999999046325684, 2.052000045776367, 2.1519999504089355, inf, inf, inf, inf, inf, inf, inf, inf, inf, inf, 2.303999900817871, 2.431999921798706, 2.687999963760376, 5.007999897003174, 1.621999979019165, 4.751999855041504, inf, 4.0279998779296875, 2.2119998931884766, inf, inf, inf, inf, inf, inf, inf, inf, inf, inf, inf, inf, inf, inf, 1.3480000495910645, 1.343999981880188, 1.4559999704360962, 1.6779999732971191, 3.8320000171661377, 4.343999862670898, 4.952000141143799, 3.24399995803833, 2.2639999389648438, 3.7200000286102295, 6.047999858856201, inf, 2.947999954223633, inf, 1.0479999780654907, 1.055999994277954, 1.1619999408721924, 1.2359999418258667, 1.1260000467300415, 0.6420000195503235, inf, 1.3240000009536743, 1.3179999589920044, 1.3880000114440918, 3.0239999294281006]","[0.563, 0.476]",2
