car_pos,target_pos,car_target_distance,car_quaternion,lidar_data,relative_coordinates,action
"[-0.44665924270392926, 0.03764763179118099]","[0.2981552647989254, 0.0428680912065067]",0.745,"[-0.049237745806279036, 0.9987870866145178]","[3.3399999141693115, 3.191999912261963, 3.068000078201294, 3.2960000038146973, 2.1640000343322754, 2.303999900817871, 2.364000082015991, 2.131999969482422, 2.552000045776367, 2.4200000762939453, 2.6640000343322754, 2.6760001182556152, inf, 4.74399995803833, 4.535999774932861, 4.392000198364258, 3.9560000896453857, 1.3079999685287476, 1.4140000343322754, 1.340000033378601, 1.7120000123977661, 1.7239999771118164, 1.7100000381469727, 2.308000087738037, 1.4880000352859497, 1.5219999551773071, inf, inf, inf, inf, inf, inf, inf, inf, inf, inf, inf, inf, inf, inf, inf, inf, 5.872000217437744, inf, inf, 1.996000051498413, 6.544000148773193, 3.74399995803833, inf, inf, inf, inf, inf, inf, inf, inf, inf, inf, inf, inf, inf, inf, inf, inf, inf, 1.194000005722046, 1.2059999704360962, 4.736000061035156, 4.696000099182129, 4.664000034332275, 4.664000034332275, 1.1859999895095825, inf, 1.027999997138977, 1.4140000343322754, inf, inf, 1.2380000352859497, 5.392000198364258, 5.584000110626221, 2.5360000133514404, 2.5920000076293945, 4.9039998054504395, 2.4040000438690186, 2.2079999446868896, 2.1040000915527344, 2.25600004196167, 2.3559999465942383, 2.299999952316284, 3.380000114440918]","[0.745, 0.005]",2
