car_pos,target_pos,car_target_distance,car_quaternion,lidar_data,relative_coordinates,action
"[-0.5465237697349469, 0.047739701350352486]","[0.2981552647989254, 0.0428680912065067]",0.845,"[-0.003016397144636265, 0.9999954506637847]","[3.2119998931884766, 3.180000066757202, 3.4200000762939453, 2.0959999561309814, 2.436000108718872, 2.436000108718872, 3.7239999771118164, 2.371999979019165, 2.5880000591278076, 2.7160000801086426, 1.559999942779541, 5.056000232696533, 4.703999996185303, 4.464000225067139, 2.7279999256134033, 1.3539999723434448, 1.2860000133514404, 1.434000015258789, 1.7740000486373901, 1.74399995803833, 1.7200000286102295, 2.2799999713897705, 1.4900000095367432, 1.5180000066757202, inf, 1.565999984741211, 1.6100000143051147, 3.6519999504089355, inf, inf, inf, inf, inf, inf, inf, inf, inf, inf, inf, inf, inf, inf, 3.115999937057495, 3.312000036239624, inf, inf, 3.684000015258789, 2.752000093460083, inf, 3.055999994277954, inf, inf, inf, inf, inf, inf, inf, inf, inf, inf, inf, inf, inf, inf, inf, 1.25600004196167, 1.2059999704360962, 4.688000202178955, 4.679999828338623, 4.671999931335449, 1.8940000534057617, 1.2059999704360962, inf, 1.0700000524520874, 1.399999976158142, inf, inf, inf, 5.5920000076293945, 2.615999937057495, 2.6640000343322754, 4.960000038146973, 2.496000051498413, 2.2799999713897705, 2.180000066757202, 2.427999973297119, 2.440000057220459, 2.3919999599456787, 3.196000099182129, 3.427999973297119]","[0.845, -0.005]",2
