car_pos,target_pos,car_target_distance,car_quaternion,lidar_data,relative_coordinates,action
"[-0.36250129737642195, -0.4819674224897182]","[0.2981552647989254, 0.0428680912065067]",0.844,"[-0.9729638101122055, 0.23095762427757202]","[1.034000039100647, inf, inf, 1.2339999675750732, 1.2359999418258667, 1.3020000457763672, 5.679999828338623, 1.7400000095367432, 0.8539999723434448, 0.8999999761581421, 0.8600000143051147, 4.567999839782715, 4.400000095367432, 4.360000133514404, 4.303999900817871, 4.25600004196167, inf, 0.7680000066757202, inf, 0.6140000224113464, 0.621999979019165, 1.0460000038146973, 0.9340000152587891, inf, inf, inf, inf, inf, 2.191999912261963, inf, inf, inf, inf, inf, inf, inf, inf, inf, inf, inf, inf, inf, 3.25600004196167, 3.315999984741211, 1.9459999799728394, 2.384000062942505, 2.380000114440918, 2.2119998931884766, inf, 2.4000000953674316, inf, inf, inf, inf, inf, inf, inf, inf, inf, inf, inf, inf, inf, inf, inf, inf, 4.119999885559082, inf, 1.8200000524520874, 1.6059999465942383, 1.4199999570846558, 1.2940000295639038, 1.305999994277954, 1.399999976158142, 1.6519999504089355, 3.759999990463257, 4.059999942779541, 4.48799991607666, 6.1519999504089355, 3.447999954223633, 2.180000066757202, 5.927999973297119, 6.0320000648498535, inf, 2.8480000495910645, 1.003999948501587, 0.9679999947547913, 0.9959999918937683, 1.1039999723434448, 1.1239999532699585]","[0.661, 0.525]",2
