car_pos,target_pos,car_target_distance,car_quaternion,lidar_data,relative_coordinates,action
"[-0.5796651756761436, -0.4171300095035764]","[0.2981552647989254, 0.0428680912065067]",0.991,"[0.9896659827817107, 0.14339191931455122]","[3.3480000495910645, 3.4119999408721924, 5.783999919891357, inf, 2.812000036239624, 2.6760001182556152, inf, 0.843999981880188, 0.8100000023841858, 0.8220000267028809, 0.9179999828338623, 1.034000039100647, 0.9480000138282776, 0.8899999856948853, 0.9200000166893005, inf, 0.47200000286102295, inf, 1.284000039100647, 1.6660000085830688, 1.8459999561309814, 4.28000020980835, 4.624000072479248, 0.8259999752044678, 0.5699999928474426, 0.5460000038146973, 0.5479999780654907, 4.335999965667725, inf, inf, inf, inf, inf, inf, inf, inf, inf, inf, inf, inf, inf, inf, 0.3199999928474426, 1.5499999523162842, inf, 2.0399999618530273, inf, 2.2960000038146973, inf, 3.368000030517578, 3.3519999980926514, inf, inf, inf, inf, inf, inf, inf, inf, inf, inf, inf, inf, inf, inf, 4.223999977111816, 2.196000099182129, 1.6959999799728394, 1.7799999713897705, 2.0759999752044678, 2.052000045776367, 2.6640000343322754, 1.840000033378601, 1.8799999952316284, 1.8980000019073486, 1.9220000505447388, 3.8320000171661377, inf, 1.656000018119812, 1.434000015258789, 1.2480000257492065, 1.121999979019165, 1.1720000505447388, 1.253999948501587, 1.5, 3.691999912261963, 3.624000072479248, 3.9200000762939453, 4.544000148773193, 2.947999954223633]","[0.878, 0.46]",2
