car_pos,target_pos,car_target_distance,car_quaternion,lidar_data,relative_coordinates,action
"[-0.19165523876825036, -0.3159844414261967]","[0.2981552647989254, 0.0428680912065067]",0.607,"[-0.6576095863981167, 0.7533588997797118]","[inf, 1.0520000457763672, inf, inf, inf, inf, inf, 4.943999767303467, 5.199999809265137, 2.184000015258789, 2.1440000534057617, 2.259999990463257, 2.119999885559082, 1.899999976158142, 1.8380000591278076, 1.74399995803833, 1.8220000267028809, 2.0360000133514404, 2.009999990463257, 1.9839999675750732, 3.052000045776367, 3.1040000915527344, 2.8480000495910645, 2.8440001010894775, 3.119999885559082, 3.171999931335449, 1.9240000247955322, 2.2279999256134033, 2.2760000228881836, inf, inf, inf, inf, inf, inf, inf, inf, inf, inf, inf, inf, inf, 2.003999948501587, 1.9759999513626099, 3.6440000534057617, 1.8700000047683716, 1.8240000009536743, inf, inf, 4.044000148773193, inf, inf, inf, inf, inf, inf, inf, inf, inf, inf, inf, inf, inf, inf, inf, inf, 3.003999948501587, inf, 3.1080000400543213, 1.1119999885559082, 1.1480000019073486, 1.350000023841858, 1.2519999742507935, 1.159999966621399, 0.7239999771118164, 1.4299999475479126, 1.3940000534057617, 1.472000002861023, 5.863999843597412, 1.0460000038146973, 1.0240000486373901, 1.0260000228881836, 4.840000152587891, inf, 4.567999839782715, 4.48799991607666, 4.4720001220703125, 0.8740000128746033, 0.7179999947547913, 0.7139999866485596]","[0.49, 0.359]",2
