car_pos,target_pos,car_target_distance,car_quaternion,lidar_data,relative_coordinates,action
"[-0.5348001574072793, 0.0476037023543251]","[0.2981552647989254, 0.0428680912065067]",0.833,"[-0.00477763082025856, 0.999988587056745]","[3.2160000801086426, 3.180000066757202, 3.4159998893737793, 2.1040000915527344, 2.431999921798706, 2.4119999408721924, 3.808000087738037, 2.368000030517578, 2.5920000076293945, 2.7079999446868896, inf, 5.047999858856201, 4.71999979019165, 4.4720001220703125, 2.7279999256134033, 1.3519999980926514, 1.284000039100647, 1.4320000410079956, 1.7660000324249268, 1.74399995803833, 1.7200000286102295, inf, 1.4900000095367432, 1.5180000066757202, inf, 1.5540000200271606, 1.6139999628067017, 3.6679999828338623, inf, inf, inf, inf, inf, inf, inf, inf, inf, inf, inf, inf, inf, inf, 3.119999885559082, 3.315999984741211, inf, inf, 3.6519999504089355, 2.691999912261963, inf, 3.0920000076293945, inf, inf, inf, inf, inf, inf, inf, inf, inf, inf, inf, inf, inf, inf, inf, inf, 1.2020000219345093, 4.696000099182129, 4.671999931335449, 4.679999828338623, 1.8940000534057617, 1.2079999446868896, inf, 1.0720000267028809, 1.399999976158142, inf, inf, inf, 5.584000110626221, 2.631999969482422, 2.6480000019073486, 4.984000205993652, 2.4800000190734863, 2.2839999198913574, 2.184000015258789, 2.384000062942505, 2.444000005722046, 2.3919999599456787, 3.2239999771118164, 3.427999973297119]","[0.833, -0.005]",2
