car_pos,target_pos,car_target_distance,car_quaternion,lidar_data,relative_coordinates,action
"[-0.49209101279678485, 0.04377454772065692]","[0.2981552647989254, 0.0428680912065067]",0.79,"[-0.030327781424897685, 0.9995400070401602]","[3.368000030517578, 3.1440000534057617, 3.191999912261963, 3.368000030517578, 2.3440001010894775, 2.3919999599456787, 2.2760000228881836, 3.7039999961853027, 2.4639999866485596, 2.555999994277954, 2.7160000801086426, inf, 4.9039998054504395, 4.567999839782715, 4.3520002365112305, 2.7079999446868896, 1.3300000429153442, 1.4279999732971191, 1.371999979019165, 1.722000002861023, 1.7339999675750732, 1.715999960899353, 2.240000009536743, 1.4859999418258667, 1.5180000066757202, inf, 1.5740000009536743, inf, inf, inf, inf, inf, inf, inf, inf, inf, inf, inf, inf, inf, inf, inf, 2.803999900817871, inf, inf, inf, 7.671999931335449, 3.7360000610351562, inf, 3.828000068664551, inf, inf, inf, inf, inf, inf, inf, inf, inf, inf, inf, inf, inf, inf, inf, 1.187999963760376, 1.2020000219345093, 4.703999996185303, 4.400000095367432, 4.671999931335449, 4.696000099182129, 1.2039999961853027, inf, 1.0479999780654907, 1.4079999923706055, inf, inf, 1.2680000066757202, 5.639999866485596, 2.691999912261963, 2.5199999809265137, 2.7039999961853027, 2.568000078201294, 2.2360000610351562, 2.1559998989105225, 2.196000099182129, 2.436000108718872, 2.375999927520752, 2.135999917984009, 3.3959999084472656]","[0.79, -0.001]",2
