car_pos,target_pos,car_target_distance,car_quaternion,lidar_data,relative_coordinates,action
"[-0.493359839132724, 0.046765081679002396]","[0.2981552647989254, 0.0428680912065067]",0.792,"[-0.010933807014112486, 0.9999402241455126]","[3.299999952316284, 3.1600000858306885, 3.3959999084472656, 2.171999931335449, 2.4159998893737793, 2.4200000762939453, 3.7119998931884766, 2.4240000247955322, 2.5480000972747803, 2.7039999961853027, 1.555999994277954, 5.104000091552734, 4.736000061035156, 4.504000186920166, 4.584000110626221, 3.98799991607666, 1.4240000247955322, 1.3660000562667847, 1.7200000286102295, 1.753999948501587, 1.7239999771118164, 2.24399995803833, 1.4839999675750732, 1.5099999904632568, inf, 1.5460000038146973, 1.600000023841858, 3.6679999828338623, inf, inf, inf, inf, inf, inf, inf, inf, inf, inf, inf, inf, inf, inf, 3.131999969482422, 3.759999990463257, 1.7719999551773071, inf, 3.671999931335449, inf, inf, 3.200000047683716, inf, inf, inf, inf, inf, inf, inf, inf, inf, inf, inf, inf, inf, inf, inf, 1.194000005722046, 1.2020000219345093, 4.696000099182129, 4.639999866485596, 4.688000202178955, 1.8919999599456787, 1.2100000381469727, inf, 1.062000036239624, 1.4079999923706055, inf, inf, inf, 5.696000099182129, 2.6679999828338623, 2.615999937057495, inf, 1.7680000066757202, 2.2880001068115234, 2.191999912261963, 2.2760000228881836, 2.447999954223633, 2.3959999084472656, 3.503999948501587, 3.427999973297119]","[0.792, -0.004]",2
