car_pos,target_pos,car_target_distance,car_quaternion,lidar_data,relative_coordinates,action
"[-0.20910226035035734, -0.23260772686007228]","[0.2981552647989254, 0.0428680912065067]",0.577,"[-0.527830911357358, 0.8493494740185931]","[inf, inf, 5.056000232696533, 5.320000171661377, 2.259999990463257, 2.2079999446868896, 2.3239998817443848, inf, 1.9240000247955322, 1.8739999532699585, 1.784000039100647, 1.899999976158142, 2.068000078201294, 2.0299999713897705, inf, 3.0799999237060547, 3.1440000534057617, 2.8480000495910645, 2.880000114440918, 3.115999937057495, 3.1640000343322754, 2.1440000534057617, 2.191999912261963, 2.1640000343322754, 3.5799999237060547, 2.1440000534057617, 2.436000108718872, 2.7079999446868896, inf, inf, inf, inf, inf, inf, inf, inf, inf, inf, inf, inf, inf, inf, 1.8079999685287476, inf, inf, 2.572000026702881, inf, 1.690000057220459, 1.5740000009536743, 1.4220000505447388, 1.3919999599456787, inf, inf, inf, inf, inf, inf, inf, inf, inf, inf, inf, inf, inf, inf, 1.1200000047683716, 1.128000020980835, 1.2719999551773071, 1.2879999876022339, 1.2039999961853027, inf, inf, 1.434000015258789, 1.5219999551773071, 5.199999809265137, 1.1059999465942383, 1.0839999914169312, 1.0880000591278076, 4.872000217437744, 4.616000175476074, 4.599999904632568, 4.535999774932861, 4.199999809265137, 0.9319999814033508, 0.7919999957084656, 0.8180000185966492, 1.5299999713897705, 1.0839999914169312, inf, inf]","[0.507, 0.275]",2
